AAG	ATC	CGT	TCG
ACG	CGT	CTA	TCG
AGT	ATA	CCG	TAT
CAG	GCA	GTG	TCC
CAT	CCA	GGT	TAG
ACA	ATG	CTT	GGC
AGG	CCA	GGA	TTC
ACA	GCT	GTC	TAG
ACA	GCC	TAA	TTG
AAA	ACC	GTA	TAG
ATA	CAT	CTG	TCT
CAT	CGG	GGA	TCG
AGC	CCG	TAC	TTT
CAT	CGG	GCC	TTC
CAG	CTA	GGT	TCT
AGA	CAC	GGT	TCA
AGA	CAG	GAC	TTA
AGA	ATA	GCT	TCC
CAT	GTA	TAG	TGC
CTA	GGC	TCT	TGG
CAT	CCC	GCG	TGT
AGA	CCG	GAG	GGC
AAC	GGC	GTA	TGG
ACT	CGC	GAA	TCC
ACA	AGT	GAC	TTT
AGG	CCA	TAG	TTC
CCG	CGG	GAA	TAC
AAG	ATC	CGA	TTA
CGC	GCT	GTG	TAC
AAG	CTC	GAT	GGC
AGA	GAA	TAG	TCC
ACC	AGT	CGA	TAA
AGG	CAT	TCC	TGT
AAC	CAC	TGG	TTT
ACT	ATC	CTG	GGA
AAT	CCA	GTG	TTT
CAG	CCT	GGC	TCC
CCA	CTC	GAA	TTT
ATG	GAG	GCT	TTA
AAA	CCT	CTG	GTC
ACG	CCT	CTA	TGA
AGT	ATG	GTC	TCA
AGT	CCA	TAC	TTA
AAT	AGG	CTG	GGC
CCA	GAG	TAT	TTC
CCT	GAC	GCA	TGA
CTG	GAC	GGT	TCT
AAG	AGT	CTT	TAA
AAA	CCA	TAC	TTT
ACC	AGA	CTA	GCG
