ACT	ATC	AGC	CGG	TTG	GCC
CCG	CGC	TAG	TTT	GCA	GGT
ACA	TCT	TCG	GAA	GTG	GGG
ATT	TAC	TAT	TCA	GTA	GGA
ACT	ATC	TTA	TGG	GAG	GTA
ATG	AGC	AGG	TCT	GAT	GTG
ATG	CAG	CTA	CTC	TGC	GAT
ACA	ACG	ATA	CTC	TTC	GAT
CTG	CGC	TTA	GAC	GCC	GTT
ACA	CAG	CCT	CTA	CGA	GGG
ATC	CTA	CTC	CGC	TAC	GAG
AGC	CAA	TCA	TTG	GCG	GGC
ACG	AGC	CAA	CTA	CGG	TGC
CCT	CGC	TCC	TTT	GTA	GGG
AAT	TTC	TGG	GAC	GAT	GGA
ATC	CCC	TAC	TTT	GTA	GTT
ACT	CCT	CTG	TAC	GTA	GGC
AAA	ACA	AGC	CGG	TGG	GGC
AAC	AAT	AGA	CGC	TGA	GCG
ACC	CAT	CTC	TAA	TAC	GCC
ATC	AGG	CTC	CGT	TCG	GCC
AGT	CGT	TCG	GAG	GTA	GGG
CAC	CTA	TGG	GCT	GCG	GGA
ACG	ATT	CGC	TAA	TTA	GCC
AGC	CAC	CTC	TTC	TTG	GGT
ATA	AGT	CCA	CGT	TAA	TTG
AAC	ATA	CGC	TTG	TGC	GCA
AAC	ATA	CGG	TAC	GTT	GTG
AAC	ACG	CAA	GAG	GTA	GGA
ACA	ACC	TAC	TTC	TGG	GCA
AAC	ATG	CCG	CGT	TAT	TGC
ACT	TAC	TAG	TTG	GAC	GCA
ACG	AGA	CCC	CTT	TTA	TTT
AGT	TCT	TTT	GAA	GTG	GGG
AAA	AAC	ATA	TGC	GTG	GGC
AAA	AGT	CAC	CCA	TCT	TGA
AGT	CGT	TGC	GAT	GCC	GTG
CTG	CGC	TAT	TTA	GTT	GTG
CCA	CCT	TTG	GAT	GCG	GTC
AGA	AGT	CTG	GAA	GTC	GGA
CGA	TAG	TTG	TGA	GTA	GGC
AAT	AGG	CAC	CGA	TTC	GTC
ACG	AGA	CCC	CGG	TCG	TTA
ACT	CCG	TAT	TTA	GAC	GTG
AGA	AGG	CCC	CGG	GCG	GTG
AAA	AAT	ATG	AGC	TCT	GGG
ATA	CCT	CGT	CGG	TGC	GGC
ATC	CAA	CGA	CGC	TGC	GTT
ACG	CTC	CGG	GAG	GTC	GTT
AAA	AGA	CCA	TGC	TGT	GGA
